{
    "src/addons/SXFRating2/addon.json": "663b5c08bf5874b3e1b15c16f682514e5a1b186c29fb3728524355f51e55eb37",
    "src/addons/SXFRating2/Admin/Controller/Rating.php": "21140d39679c15fc71bd532dd154f5e75acf8b71068cfe037bc9114c0e7ca804",
    "src/addons/SXFRating2/Entity/Rating.php": "a5f13546ff151cfe9c998a2bbbf266cd9cf9ba5a9403baa9c09839b462b2ccf0",
    "src/addons/SXFRating2/Pub/Controller/Rating.php": "78aed9b6aca797c9006fe6a3fbf957fa0f410a2ff0af26a644309e90b330bd6e",
    "src/addons/SXFRating2/Rating/AbstractRating.php": "ab0949840759c04344df9b422fb2d08c6f73bf7eaffc98ed7d072bc681c2a3dc",
    "src/addons/SXFRating2/Rating/UserLike.php": "93dbf11dd211f89ba859882bf1e1da3d5ba67a72a496f2957e5c64f75b4cf96c",
    "src/addons/SXFRating2/Rating/UserMessage.php": "44fcad3d1db7237c7ad5001adcc7a0f87a848e4dd96f3e83a312247642f83146",
    "src/addons/SXFRating2/Rating/UserPoint.php": "759275ed8e536928ef0452f581e0b9d829186bb22ed7256596e9d0323232f61f",
    "src/addons/SXFRating2/Rating/UserResource.php": "f89d3ad628dfd0e95b24629f921e7b462724e426003f9ae072854f755ecdeaaa",
    "src/addons/SXFRating2/Setup.php": "2941c1b5f013951e1cc415df91d679205e5cfe7536fcab10d12258375f6e6e13",
    "src/addons/SXFRating2/XF/Entity/User.php": "6002b605cfbd51310d888d64e3c20cf6a2df8f8d00b85e97477c7e3abe159763",
    "src/addons/SXFRating2/_data/admin_navigation.xml": "df9e3812d65d79ffc9245a0546dd6aca396d66e7d5ae7b40e61074ae263b450c",
    "src/addons/SXFRating2/_data/class_extensions.xml": "50fede65007e4f3734bf2b7768bf7c1e899296e41ce3c7cdee4e70831e89679f",
    "src/addons/SXFRating2/_data/navigation.xml": "e34f707ed41d849c07179f4d47236cf5b8c26ddf53605eabd121bb4c12e54347",
    "src/addons/SXFRating2/_data/options.xml": "d737923dd416b3668d12ab2246fab860eebdcc42e0eb578199517a37f7e0d94a",
    "src/addons/SXFRating2/_data/option_groups.xml": "c441ea815f3219af882179c7927f6b03a0e57bc1f9e17e208ca03ed55e9d05e9",
    "src/addons/SXFRating2/_data/permissions.xml": "ffbb90a5976e9a6e943a6d302096f12efa793af80d4cf9b63759932f5c720c42",
    "src/addons/SXFRating2/_data/permission_interface_groups.xml": "29a59d5b5fb34394618da93d2f2beb5870168ef729c32a77da40000bc922d8b2",
    "src/addons/SXFRating2/_data/phrases.xml": "4e36bfc369f5e26ab1b130ea9841e17e721a42b5a79fd8f95cd04e2dd20943e2",
    "src/addons/SXFRating2/_data/routes.xml": "53855faa5788a07aa5cd2e3a307656cd53aab8a3a1f2006c88d1016fb4eb1c03",
    "src/addons/SXFRating2/_data/templates.xml": "506fa89ec8637d9ceb803a43f0bdb4aeb3377f8eba9e986fe0bec6b78ff1c4a6"
}